"id","image_id","image_label_id","created_at"
"d4a2bcc5-1964-4c94-92f9-d8d72cc6fb24","bc0fa527-d9fc-4689-8682-6a78ee0ace82","f3882f33-7b7a-4d0e-8515-025d5dd29465","2024-03-14 13:00:43"
"242f1043-255a-4cc8-b1b8-df6d7c5d4e27","c5d5cecd-1b88-4322-904b-caa1eef87503","f3882f33-7b7a-4d0e-8515-025d5dd29465","2024-03-14 13:00:40"
"b49a22d1-208b-450e-90dd-1db21f3bccba","e8aed021-b148-47b6-ae2b-ec81455e911b","fa9dd6cb-7b50-4e2a-8167-2f453b5d33b5","2024-03-14 13:00:38"
"05515455-c6c5-4592-ad35-18b986fd735b","79848527-35fa-4929-982a-3796ed69cfee","fa9dd6cb-7b50-4e2a-8167-2f453b5d33b5","2024-03-14 13:00:36"
"0add6122-de86-4e37-aa4f-1c1a5c2f46cf","ffd3106b-601f-4de7-a182-8e5146552dfd","fcf3d9a5-1390-4700-8a7b-3eb02c56fe1a","2024-03-14 13:00:34"
"4542e1aa-108d-4035-8a2e-b5cbecc407e1","e8c43e74-fd61-4e4e-b407-0c06cd2f0808","fcf3d9a5-1390-4700-8a7b-3eb02c56fe1a","2024-03-14 13:00:32"
"2ceea1c5-b89b-4a81-bf12-06e4a572d1dc","e1aa59a8-5880-439d-ac0a-34db1b25a2a4","eeb9158d-52f2-4b1f-bc5d-51d0bda3eb85","2024-03-14 12:44:07"
"9fb8fdaf-8a02-47bd-9e2c-51a6d240751b","49113cab-c7a1-4f87-ab12-9da04bf6e4a9","eeb9158d-52f2-4b1f-bc5d-51d0bda3eb85","2024-03-14 12:44:06"
"9ef9a7fb-2872-4b77-8fdc-3fe7423bdbbf","a903d6e7-e15b-4f8e-95c3-fc55cf63b1f7","ec2e6d90-e8c2-4de1-92c0-ec6ed1d9b43c","2024-03-14 12:44:03"
"0db5627a-b621-4084-87a6-4e818f285349","db0c5492-cd40-481a-bca8-64d4871d041a","ec2e6d90-e8c2-4de1-92c0-ec6ed1d9b43c","2024-03-14 12:44:01"
"13b19bb0-eb55-4c77-8210-6f3ff853921c","bdebac21-934a-46a6-b4ee-d02dc81b0082","ea50566f-dcf9-44a7-af4a-916c9c3fb009","2024-03-14 12:43:59"
"039b39b3-9284-424b-b264-a4dd6c0341de","25be2217-742a-4113-8f91-b31884a5da8f","ea50566f-dcf9-44a7-af4a-916c9c3fb009","2024-03-14 12:43:57"
"c9b3b6f1-74d7-4d7a-aa39-d40ca9f50865","3380c2d1-5ffb-42b1-9cf3-a9f5186b9265","eae1b888-b3ab-4b1e-a203-bb05d6a84fb0","2024-03-14 12:43:54"
"ccb93cb6-1b3d-4c9c-b32c-c2aba770c9ac","58ec1372-70d0-44c7-aed1-1290d61cbb91","eae1b888-b3ab-4b1e-a203-bb05d6a84fb0","2024-03-14 12:43:53"
"f66b9a4a-2570-4253-9a55-3780fe7f1358","efa0fea2-96d2-4526-a200-fe70fb36321a","f45c82d5-9207-4b08-aebb-3ed0c5e97e62","2024-03-14 12:43:51"
"f8681f9f-40f7-47e4-8331-e720a226c8cf","0e707286-4d40-471f-9538-ce35ddcaf794","f45c82d5-9207-4b08-aebb-3ed0c5e97e62","2024-03-14 12:43:50"
"19157679-3d8e-47b0-956a-98798f7d5295","27cabe37-26b0-4b26-a8e9-8ecf0cb3fffd","e9cf9e6d-d9cc-446d-a9e9-6d643e38a4a0","2024-03-14 11:03:02"
"aa4d9b3f-aede-404d-8770-d80dd2ce73ce","2657ce1b-220d-4842-8603-b5f7c9605235","e9cf9e6d-d9cc-446d-a9e9-6d643e38a4a0","2024-03-14 11:03:00"
"1ed9a77c-acab-4af4-b31e-556335fbb67e","5c352581-0ee9-43e1-b26e-e72d0e7eb6c9","e70c6307-4cfb-4fd8-9e54-b97c5a7b9aa2","2024-03-14 11:02:58"
"67095021-3dc0-4bf7-ad4f-2362a65cc67b","47e9dde9-e1b0-42e8-9520-55b7de46857a","e70c6307-4cfb-4fd8-9e54-b97c5a7b9aa2","2024-03-14 11:02:55"
"56915005-78b9-475e-a0af-17757cb71d02","1381daf9-13a6-425c-97c8-f70cda17222c","e60979b2-5cf0-4e6c-9a84-70ac23598bb2","2024-03-14 11:02:53"
"06b28c98-6dbc-4255-bd3f-c0d480002113","b1f3f460-7cd7-47ef-9d2a-385ce099c1c2","e60979b2-5cf0-4e6c-9a84-70ac23598bb2","2024-03-14 11:02:50"
"61e82181-7cd2-4fe0-a6a1-60eb6554bb4a","b9c48970-040f-4760-873b-2d07325beb54","e45c1f62-f81d-4eb4-ae7f-2b1546d88f94","2024-03-14 11:02:49"
"0b20efd4-ac11-47c6-b8d7-f491804ed8ab","c3ad10c8-a0a2-4769-818e-2211f776df19","e45c1f62-f81d-4eb4-ae7f-2b1546d88f94","2024-03-14 11:02:47"
"c59626f8-b3e9-470d-aa88-419a6d45e169","d5ba73ad-f277-4008-870e-26059b1933a9","e441de1f-deda-44f3-bb99-29a0b5e9bdcf","2024-03-14 11:02:45"
"b10d4bc2-ac2f-4380-8e4c-fa52161ebd2a","0185377a-a921-4b44-8979-dc002f8307bc","e441de1f-deda-44f3-bb99-29a0b5e9bdcf","2024-03-14 11:02:44"
"6359290e-6bab-4108-8121-ba09c1c13794","28ed3234-20d0-42c7-beaf-7a3f07abbca0","e33dd41e-af1d-4ec0-972f-c7df5c1b4082","2024-03-14 11:02:42"
"c203b769-a0fe-417c-9968-12b9f2c3270b","4c121f5b-2469-4509-a028-c41e34303a24","e33dd41e-af1d-4ec0-972f-c7df5c1b4082","2024-03-14 11:02:40"
"0061fb44-ea81-4d2f-87f5-846e07bbbb8c","c66b3823-00e4-45cf-9476-91e5b3cd3423","e2a3f3e3-95cb-4bb1-90ed-ef59a1fae0d8","2024-03-14 11:02:38"
"71092c5c-be7d-4512-b7e7-e303b4565631","063d4c3f-7841-418f-8979-1365c5495a8b","e2a3f3e3-95cb-4bb1-90ed-ef59a1fae0d8","2024-03-14 11:02:37"
"f1f731f1-d62a-4ee9-8436-b59a1f20c151","62a4a31b-0c8a-453d-b34f-a665311acc3c","e25d38ec-858f-484b-9b65-69a86d9b2437","2024-03-14 11:02:35"
"4fc1c641-f5b4-46c0-bd49-9723c99234f9","98b8d826-a4c6-4b1a-b1cd-7e2f9727dc35","e25d38ec-858f-484b-9b65-69a86d9b2437","2024-03-14 11:02:33"
"ed4afbbd-3519-4197-b1f0-4d523724e4c0","44153252-cbe8-499d-9bc4-bc284073075f","e155a270-24c7-4fd7-a902-1a34e2f85953","2024-03-14 11:02:30"
"5f0d7196-14d8-4b16-addc-4b263a5467ac","2efb80c3-44cf-46c9-8ec8-3536d5177275","e155a270-24c7-4fd7-a902-1a34e2f85953","2024-03-14 11:02:28"
"ce1f98fd-c2ae-4ef4-acd3-3686d3e09f70","d3e95f6a-bf98-4967-94ff-1db31f5c6934","e13f877f-2a17-4c15-851a-d588eb5a8af2","2024-03-14 11:02:27"
"c8683311-2da7-4f92-a615-ddf93072ddcb","bd724931-3014-4229-b6af-2eb1d03f6c1b","e13f877f-2a17-4c15-851a-d588eb5a8af2","2024-03-14 11:02:25"
"9d393c04-1828-466d-9a72-4e4111b4d810","a6a6710e-4dd7-4357-bd37-259ca2a2f843","dfb6d530-1198-4ed0-a5e7-1953d39287ff","2024-03-14 10:26:19"
"d27bae8a-841b-48ea-9001-1ab3827faf9d","7ca3d0ca-cd8f-4ca1-930e-06db1e4457fa","dfb6d530-1198-4ed0-a5e7-1953d39287ff","2024-03-14 10:26:18"
"f6b914b6-77aa-489b-be78-c86c4f780efc","37eace8e-ad2a-469a-a3c5-7a5bbe568443","df6fd0f8-d198-4e38-81f4-05d241fa6f6f","2024-03-14 10:26:16"
"bebf13e5-9963-4bc1-96d9-fd9d8db89a2d","508544af-899a-4a59-bd5b-ea67a522b842","df6fd0f8-d198-4e38-81f4-05d241fa6f6f","2024-03-14 10:26:15"
"36956570-b151-4c96-9f4b-c922109c0474","41c16fb4-56db-4ea4-9a40-534eae52a0d6","df18c5c0-ec58-4d39-9f4d-91d2bf2b37e3","2024-03-14 10:24:09"
"25eae567-edb6-45fc-98a9-5065f5ef8b02","66b4911e-3efe-4c34-b116-f6ef71c72ff0","df18c5c0-ec58-4d39-9f4d-91d2bf2b37e3","2024-03-14 10:24:07"
"f2a74d71-4bc0-4ab0-b3c6-b9dc287ba712","ff6e2ca4-e586-4494-86c0-7785e13f7cf8","d830ab60-3e96-4860-96a9-04908f07ff6d","2024-03-14 10:24:05"
"1cf33ee1-5b1d-467b-8d7e-cfd16fb58b71","9e5c9148-4992-4f96-9171-3cbf24bfa3bd","d830ab60-3e96-4860-96a9-04908f07ff6d","2024-03-14 10:24:04"
"731e4238-e211-4fee-b2be-ab70b51fc210","55f6126a-75bd-41a7-8cf9-8f1b7abca03a","d37cfc9e-8e2a-4c42-9c54-aa6a5c0a8486","2024-03-14 10:24:02"
"9b9a3a1a-52eb-4007-aca2-f60719bb4cf6","1debd0e3-0d0f-4829-ba36-a3910e74e3c5","d37cfc9e-8e2a-4c42-9c54-aa6a5c0a8486","2024-03-14 10:24:01"
"3dc8c762-3a4b-4a44-9a8a-9c58ae7fcaca","bfe7446c-cfb1-4467-bf54-b96c2f8ae0d6","ce348e0e-040b-4cc9-b3ab-8a7e25b0c3c2","2024-03-14 10:23:59"
"14e75f4f-c9af-4c55-90d8-1b9971943695","fea45acd-2b68-44ce-9a46-71d2023bcbf5","ce348e0e-040b-4cc9-b3ab-8a7e25b0c3c2","2024-03-14 10:23:58"
"f600b0fb-593c-40c5-b9ce-f94cebd72e80","a2bb470a-5ef8-413e-9a19-934d1b729237","cb0d0518-4dc1-448b-b84b-f6a1f3ab3c78","2024-03-14 10:23:56"
"b555e145-5b94-4dce-a3b5-042742db90b1","fe39769e-4eee-43f9-a369-7742287de61b","cb0d0518-4dc1-448b-b84b-f6a1f3ab3c78","2024-03-14 10:23:55"
"cd6e10b1-4be9-4048-9d9c-2ac4e58f081d","50283697-ee60-4b34-b423-9b804bf97361","be6c5393-d35b-4b6a-8c7d-183886baa25b","2024-03-14 10:23:54"
"c8d7b2f2-b2d9-4e0f-acd4-f0fd58f5c630","61bcadd9-0cfe-4ba3-b60b-9b4cc8452d99","be6c5393-d35b-4b6a-8c7d-183886baa25b","2024-03-14 10:23:53"
"9f822ef5-a139-4fe4-a556-7cd90a782bad","0ed3eb1c-3f33-4caa-9ae3-dd3a6ee84da2","b8d3e15f-7396-4b70-8649-80c422209ba4","2024-03-14 10:23:51"
"5bced620-4554-48a5-99c1-8ca5aed58ffd","bba4c4b9-2468-47ac-beaf-a59afe927534","b8d3e15f-7396-4b70-8649-80c422209ba4","2024-03-14 10:23:50"
"1896f857-340f-431a-87db-27168a0c1dd4","244a23fb-64ad-4f2c-a75a-4847d16fe8d7","b87a9b14-036e-47c7-be1d-872ffadbcc0c","2024-03-14 10:23:48"
"84e27ef1-9f05-4e04-86dd-e4adb9647b14","f94c403e-d6e9-443e-ae41-76d0cae28e01","b87a9b14-036e-47c7-be1d-872ffadbcc0c","2024-03-14 10:23:47"
"0394c2a4-d0a1-456b-9f45-3de0d47d35c8","cb6e2a8f-5c0e-493c-a0fa-7dbf29e5813d","b269d72e-e78d-45a3-9aa4-d68fc4f38e46","2024-03-14 10:23:46"
"3de1015a-5395-43af-b7a3-353dc8d9fcc3","9243f848-6879-4be2-9a14-f6feb55e004e","b269d72e-e78d-45a3-9aa4-d68fc4f38e46","2024-03-14 10:23:44"
"afef8257-7988-4b24-825d-2ee38026041d","8a81a5df-ac7d-4b8a-9348-fc42bf6cf83b","b1bbdd29-6c11-4962-b73a-b25792b2e00f","2024-03-14 10:23:43"
"b2e629b8-6b6c-4478-b1dd-2df44b551a67","c323ddb4-aa5b-4820-a776-7f705f67ca7a","b1bbdd29-6c11-4962-b73a-b25792b2e00f","2024-03-14 10:23:42"
"97105a81-66ad-4960-a319-5c92b3fdc379","6950b43e-03bc-4da5-87e3-78b9ca052944","b194bb58-398d-4d54-8972-3f92cb1246d7","2024-03-14 08:45:20"
"6730ee3e-c780-4f25-aeb8-5cbb7685021d","f4db17c5-7b42-41a4-9edb-ca08d5d17833","b194bb58-398d-4d54-8972-3f92cb1246d7","2024-03-14 08:45:18"
"7ba86607-93a0-4139-bd92-590903755a0e","64068e1c-b11a-45ad-a5a9-730dc9f0e84d","b03c2263-6cb1-4744-9971-bdca9d0e8ff4","2024-03-14 08:45:15"
"96a73bdf-4db9-4598-92e5-c4da0e59192f","9ff6a497-53ca-4c75-9041-2511410affb1","b03c2263-6cb1-4744-9971-bdca9d0e8ff4","2024-03-14 08:45:14"
"5306baa8-cac6-4458-8784-b40a47c9e218","7ebacf70-424f-4f5c-b33c-5d2e5b5c23c4","ae85c27b-f0ef-4cb5-bd7f-c3833a9ffdfb","2024-03-14 08:45:12"
"0bf3e3fe-514e-46e6-b342-53d259b111a4","4bb9ddfe-23a7-4bf4-bcbc-cdf41011e436","ae85c27b-f0ef-4cb5-bd7f-c3833a9ffdfb","2024-03-14 08:45:11"
"414eea01-a6d0-4e2f-82b2-e8c536b74f24","16ffda6d-fe2d-4736-a4f2-fae38c0d1040","aa34f7cf-9567-4ebd-a4cd-331a31dd5bb1","2024-03-14 08:45:10"
"43145000-6d39-4942-8424-96401ccfa6be","e9b8f6df-83af-4a32-945e-cf621bffa35c","aa34f7cf-9567-4ebd-a4cd-331a31dd5bb1","2024-03-14 08:45:08"
"4a6d59f7-8ec3-4ee3-9018-b82f8b5402cc","9240c7aa-bf06-44e1-80a2-a182fa009f22","a88d7d67-c82c-4d07-aa9a-bb04b77b9fe1","2024-03-14 08:45:06"
"6a6b30d9-a8f8-43f7-8764-7eb0693c9d81","8abf10af-6465-431e-897c-42a336a943f8","a88d7d67-c82c-4d07-aa9a-bb04b77b9fe1","2024-03-14 08:45:05"
"949db1e2-cb90-4260-abb9-58dbada5b2d2","1ab2365b-255c-400e-9b86-a534ba532b5b","9e529518-e4cc-41a2-8027-03662d4c2a02","2024-03-14 07:04:11"
"2de8ea32-1861-4794-975e-c37efa426f23","b587a458-748d-4a0d-8d87-94d0c96cc760","9e529518-e4cc-41a2-8027-03662d4c2a02","2024-03-14 07:04:09"
"1345c54d-c4fe-4eb1-a6c6-c114422b0a06","5dff18a8-143a-4156-82a8-7d19603db037","99089132-f2df-431e-bb2b-04236a4a2e47","2024-03-14 07:04:06"
"3771b628-3815-41fa-b600-4f67f94220de","87d23c0f-732e-4f6a-92c3-004e6910aee3","99089132-f2df-431e-bb2b-04236a4a2e47","2024-03-14 07:04:03"
"072670c6-fc2e-4274-9b92-e6c28fba6061","bf5fe62c-bfe1-4d6c-903d-d4c9057b1830","963e145d-f5ae-445e-a3a3-eb3e1b99c77b","2024-03-14 07:04:01"
"a2ba4f7f-de2c-430c-98a8-6d0993a2728d","d585f2f6-be8d-42f0-bf6e-d9753e1ccce5","963e145d-f5ae-445e-a3a3-eb3e1b99c77b","2024-03-14 07:04:00"
"3b333a68-d09b-4146-a8b4-f32145c32c24","7a7af27d-24a5-4d8d-be31-2e0cdb2fe026","90538cf1-2c68-4c44-8d72-ffdb17047f8a","2024-03-14 07:03:58"
"6ef048fc-235c-4b14-8944-61aaee816be3","115b8d86-4632-4687-8831-11bcd168f00a","90538cf1-2c68-4c44-8d72-ffdb17047f8a","2024-03-14 07:03:57"
"d1a769f9-88bd-4e4d-b1cd-32f9a7aeb35c","77959356-71e8-4d4d-8342-d391468249b5","8c469d14-d4a3-44e0-97b5-962cc350cb36","2024-03-14 07:03:55"
"e55274f2-bce4-452e-a002-c00c3ebc6fe5","05ed2f7d-411a-4be5-ae98-95f7e2f4df25","8c469d14-d4a3-44e0-97b5-962cc350cb36","2024-03-14 07:03:53"
"008b83f7-b705-41e2-bcb4-20615cb5a708","355a3525-07d2-4752-8ef3-853c97928be8","8c1ee12b-6fb0-4ad0-80cf-575e014e6f0d","2024-03-14 07:03:51"
"faa30f92-81be-481a-8443-777fad826952","2ee06fbc-ecb5-4bc9-b5e3-1e75a4183337","8c1ee12b-6fb0-4ad0-80cf-575e014e6f0d","2024-03-14 07:03:50"
"77922ff8-ca6b-4e9b-9525-903dbe3d6dba","fa6eef78-3b08-4c0a-b899-694e7f2a8740","8aa2fd90-d9fb-4037-86fc-4b8b6f3a4bc3","2024-03-14 07:03:47"
"8c3cfefe-93e8-45e5-aa22-187fcfd48e15","e9f2b3c2-1105-4d39-8e86-38173028fcab","8aa2fd90-d9fb-4037-86fc-4b8b6f3a4bc3","2024-03-14 07:03:46"
"2c45ea3c-6b7f-4010-98f3-ae0190b28497","efae7705-9511-43af-8bb4-0e32739c350e","7fe3d5b3-6e65-4d40-a1c2-6b977a6a474b","2024-03-14 07:03:44"
"ac14632a-6c77-4059-87bb-ea6994282ac3","9a8746e9-8308-4585-b035-6d442e7a14a2","7fe3d5b3-6e65-4d40-a1c2-6b977a6a474b","2024-03-14 07:03:43"
"d9f2d76a-10a1-4d6a-8f66-4088cf249aa7","c631e78d-b682-45d6-83c7-69d578c3a672","774be9ad-cf92-44e1-b4b4-8333df051a20","2024-03-14 07:03:40"
"a25b88fc-d347-4800-a19b-19ccf31b0cdc","a6d4dc64-f095-4309-9fdb-9f37125cb416","774be9ad-cf92-44e1-b4b4-8333df051a20","2024-03-14 07:03:38"
"76c293bf-d256-4b5f-a1ac-e83511c5fab0","0eafc56d-635c-4cf7-a66a-41ed429c1d39","734a672d-8ff4-4d5f-8a2f-b32511d55e54","2024-03-14 07:03:36"
"e2342ca3-7b10-416c-bc07-97cee1372bbf","917e12d6-449e-42e0-85fe-f78ac66df7f4","734a672d-8ff4-4d5f-8a2f-b32511d55e54","2024-03-14 07:03:34"
"44b6705a-dc84-4851-a6c2-66e8a1da9026","0a3c0e92-bbb3-4efa-9a43-bd7bbc228cf8","71f64a90-5b11-4d67-b10b-34d8378c3b21","2024-03-14 06:02:10"
"c875de22-507c-4efb-8ae0-34430b22cfd0","706505a1-61ac-402c-b95b-2c98c0e3f542","71f64a90-5b11-4d67-b10b-34d8378c3b21","2024-03-14 06:02:08"
"5a66fecb-ac6d-4a32-907e-30e7290b73a0","b259c2be-9b21-45d6-abfc-0c59ff5f64a1","6d739aa6-51b4-42e2-93dc-61d2c988fde9","2024-03-14 06:02:06"
"6d71de33-b9ee-45c8-a386-9ff647633cb4","baf35930-66ff-451c-bd64-5f8e99b79d49","6d739aa6-51b4-42e2-93dc-61d2c988fde9","2024-03-14 06:02:03"
"9d84f567-f8f9-473d-a578-1b0e769840ae","9d195387-f9aa-4ca1-812c-5ad9f20a6801","6c39eaf2-f8b3-4b1a-8a4c-399c0a3a0355","2024-03-14 06:02:00"
"c2d47c09-8abb-4392-980b-44a4416c7343","9c35c2d0-b955-4a28-af4b-17080c50f422","6c39eaf2-f8b3-4b1a-8a4c-399c0a3a0355","2024-03-14 06:01:59"
"da0354a5-ffd9-42af-867e-273eca057d58","8a480a23-af61-4796-8734-5191774950fb","6bf8d1d3-23e3-4526-9260-e2b826c0b46d","2024-03-14 06:01:57"
"5cfb0220-467c-4d3f-a4d9-9428a9cd026b","343e1b42-cdc3-4d68-a2e2-39e267b80fe5","6bf8d1d3-23e3-4526-9260-e2b826c0b46d","2024-03-14 06:01:56"
"243fd645-f8ed-488c-bca3-a2251335c5df","75993b34-9379-487e-88c8-621198f276b0","69390c63-dfa1-4ac9-bd11-5ebd5a2c5cd2","2024-03-14 06:01:53"
"b9a1fa79-d30f-4030-891b-f95a0ea3873a","09a36d51-69af-4697-b94b-95479a0d3ef8","69390c63-dfa1-4ac9-bd11-5ebd5a2c5cd2","2024-03-14 06:01:51"
"6e69152e-137e-4da9-8fa2-61f4e910afd9","ea67d376-4cc8-45e0-a5fb-4d7264ebff63","5c825f9c-e51d-4c36-944b-7c6db8e26a7d","2024-03-14 06:01:50"
"ff193e99-3856-4d92-b3fa-e6a948d4f433","0bcf58d1-ec36-406e-9b51-b48258cf054f","5c825f9c-e51d-4c36-944b-7c6db8e26a7d","2024-03-14 06:01:48"
"a191c6e6-26aa-4973-987e-93f9ed36d143","ecaa7955-4aef-4fcd-b382-50bec911ad88","57f65a41-5f85-4817-b39c-9dcf281c0c51","2024-03-14 06:01:47"
"c3aebed1-3bc6-449e-b1ef-cf9b67c60687","18fab07f-570e-43d0-be46-1d11ab304425","57f65a41-5f85-4817-b39c-9dcf281c0c51","2024-03-14 06:01:46"
"afb1dc30-9ac9-4aa4-9845-fb7aa418ceb8","d14e9b68-7373-4b3e-a372-fcb712ccac63","56f2b18b-df4d-409f-b6f2-f654c91e6d9c","2024-03-14 06:01:44"
"244535d4-4d61-4f5d-87b6-e48a156f1707","8c7fa615-e8ac-49e4-80e5-3ab01e406162","56f2b18b-df4d-409f-b6f2-f654c91e6d9c","2024-03-14 06:01:42"
"16857aa3-f207-4e36-9150-2f099682166e","7c9bc892-0514-4f23-a1ea-6ee6dada06a1","53b863cb-51eb-4696-b028-e9c34c826e6c","2024-03-14 06:01:36"
"d0d71c64-fda2-4cc3-a9de-fc3a1ebc8005","b60c9f6e-17c9-4236-8063-3d9ff1ee0565","53b863cb-51eb-4696-b028-e9c34c826e6c","2024-03-14 06:01:34"
"6acd070f-cd89-4cec-8dd4-1bb146367772","aae9bcf1-83ca-460c-b48a-5235f530231a","4fe83ef6-4c36-48cd-9722-157e6c0d02a5","2024-03-14 06:01:32"
"b247aede-3e7c-4aba-a52d-2e5c3c37377b","e5c0ff94-8e39-433d-9b38-fbe300568660","4fe83ef6-4c36-48cd-9722-157e6c0d02a5","2024-03-14 06:01:28"
"7a3b45e9-fc4e-4f85-a718-abfb4de455d5","ec8e02c5-ae74-462e-89f3-ab6faf4a4037","4e6a4764-8575-4f94-9c4c-d387a79b26e2","2024-03-13 18:27:28"
"5de28a07-07bb-41c5-bcd6-37c0e402b6b2","d7c592a2-f472-4148-87d7-01c69c434636","4e6a4764-8575-4f94-9c4c-d387a79b26e2","2024-03-13 18:27:00"
"651a2799-142a-4028-b92b-a4e407c80a42","03f8e47b-7736-4c0b-8b75-4ddb54b9f99e","4c42a9e1-11ff-4f43-bd50-4a20e625c0a7","2024-03-13 18:26:45"
"b435a609-3d0b-475c-94bf-8a3363907161","0e4aada9-74a4-4794-b1dc-2ff497b7e031","4c42a9e1-11ff-4f43-bd50-4a20e625c0a7","2024-03-13 18:26:39"
"d42ce24d-1d6a-4108-8433-52f3508cab43","7193889c-d081-4201-a30d-05a7b89e6dc4","44dd7e88-6d28-496d-9ed4-8bc4b81926a3","2024-03-13 18:26:31"
"7937eb92-e54e-4695-91c1-3996aaafec1a","571f339a-bae5-4622-aeb3-213769fafdca","44dd7e88-6d28-496d-9ed4-8bc4b81926a3","2024-03-13 18:26:23"
"17e2254d-6d48-41c9-9222-e736c80785c1","be1bdea5-033b-470b-9255-2a4bc7840b7b","44d25814-68b4-4a5b-9276-65c4163b2ef0","2024-03-13 18:26:11"
"66a9f0de-28b8-4d9f-a65f-5fa141addb71","3f9ba53c-4fb5-401a-87e3-33a17aa42bb8","44d25814-68b4-4a5b-9276-65c4163b2ef0","2024-03-13 18:26:04"
"f139db5b-f170-4cb6-909a-33039523b147","3d8d5174-cdca-4167-a3ea-fe0e798597d7","41fb2c6c-11a1-4a15-af18-52db3c74a009","2024-03-13 18:25:56"
"7ca4c3f1-78a4-44d7-aae8-5388be73b1c1","267b02a2-d39c-4363-9d1e-6d73ce533830","41fb2c6c-11a1-4a15-af18-52db3c74a009","2024-03-13 18:25:49"
"03fce044-9855-48f4-963c-767d615334c9","a994d318-a540-4e08-aa0e-6745f2dd5003","3b2a2e29-d69b-4b49-a152-33b08dc383d1","2024-03-13 18:25:40"
"d320f21d-d394-433f-a795-250f03e4ae7f","b45d4c26-1df0-4423-8c38-2a671e91a9e7","3b2a2e29-d69b-4b49-a152-33b08dc383d1","2024-03-13 18:25:33"
"c04c2e16-6696-4d0e-95ca-0e6ce8dd0bba","7a13d614-4b0a-469a-9597-58127069946a","36e46f01-e09d-481d-afe2-0719d0ddcf18","2024-03-13 18:25:23"
"ae9ebd92-9534-4ea9-8028-31f5bb631133","173ba02e-eb1c-4c4a-ad52-4a7a58c9ca42","36e46f01-e09d-481d-afe2-0719d0ddcf18","2024-03-13 18:25:16"
"f38320c3-4707-4078-a9f4-523c5d47d836","cdd23266-46fb-49f2-92c8-75cf66f76b01","33d22f67-2c1f-4733-8e89-2171d5700424","2024-03-13 18:25:07"
"555670b2-3366-411d-bb73-c7f9f65e8b81","80396815-405c-44c7-8b8a-b54589c50f26","33d22f67-2c1f-4733-8e89-2171d5700424","2024-03-13 18:24:59"
"0577ee2e-6070-4bd0-871b-9cfb6cd8787a","b6c28a73-0f8f-40b5-af35-663733b41681","29b5d121-1a5f-40ec-ae6d-c156a8b4784b","2024-03-13 18:24:51"
"c3ad7f4f-ff27-4343-b779-b405dfa7bc78","fd60fe78-b05b-4d70-9f4f-cd8e027ad309","29b5d121-1a5f-40ec-ae6d-c156a8b4784b","2024-03-13 18:24:45"
"0fa8cfa4-96bb-4c9f-b240-e412e4468406","797e1a0a-9c8c-44a9-9002-ae68b778e9ca","28503543-4a02-4e9d-9297-800c2d285a51","2024-03-13 18:24:37"
"911ce7e9-067f-44aa-8041-0221f517da56","c766c8a3-2136-40b2-a3ab-76136bec1516","28503543-4a02-4e9d-9297-800c2d285a51","2024-03-13 18:24:29"
"b1c9995f-6662-4ed7-adcb-05cf0d643d19","2e0ffef4-d764-49b5-9575-c8714dd54475","20445a33-58d9-4b9f-9492-eaa3b1b916fd","2024-03-13 17:02:40"
"cf9df1ce-ec59-426e-8b45-acb73cd9874d","afd03220-9180-46cd-ba36-96cbc3af9c76","20445a33-58d9-4b9f-9492-eaa3b1b916fd","2024-03-13 17:02:37"
"f59c2c03-0d54-4c32-b040-9ad6022acf37","67d1d0d9-f59b-4782-81d9-31ee0fdfc79e","1ee4f146-9f28-4498-9b3d-462cc2b29e44","2024-03-13 17:02:32"
"060afe2c-8172-4d3f-8ac9-30d612ed8e0e","47c52429-22a2-4ff2-9b64-6f01cd3e4254","1ee4f146-9f28-4498-9b3d-462cc2b29e44","2024-03-13 17:02:28"
"73ef498d-6db7-4228-b1f3-6f0b5eaabc5c","7d250987-616c-4a70-8de0-4fbefb05e291","1c527ea2-fc18-4a38-b1a8-026d19f3bfec","2024-03-13 17:02:22"
"f2a04fd6-7a22-4c3f-b3a6-44442574ed50","6029945f-404d-4c4d-bd28-2d86e1f5ac95","1c527ea2-fc18-4a38-b1a8-026d19f3bfec","2024-03-13 17:02:16"
"f90a8f45-8a43-44ee-911b-efa395792c13","77c8b66c-ca56-41d7-bccd-fef9fb45c592","1a3c8d8f-7f7e-4d11-91b0-8fe70f35f78b","2024-03-13 17:02:12"
"6c8ffe91-970a-4695-a7b3-fffb4f12be3d","cfe41c40-b580-463e-bf22-3e3169d8bce1","1a3c8d8f-7f7e-4d11-91b0-8fe70f35f78b","2024-03-13 17:02:08"
"1632fa29-0695-4567-a61e-4d8ddfe3a7e8","ef437692-283a-454b-be62-4767feb20b3a","19d28f5f-1a2c-47db-aeb1-163cb5762ee2","2024-03-13 17:02:04"
"4eca7aa5-0afc-410e-8d1e-7e74af84356c","5e137586-a385-4df8-9b6c-983f8b042d4f","19d28f5f-1a2c-47db-aeb1-163cb5762ee2","2024-03-13 17:02:00"
"bbde66aa-77cd-482f-a6af-33c4698dcff3","306c4484-c5e7-4956-a87c-0f1dbfa69bc5","16ec16ee-c7cf-4f5b-aaff-6097c9512b90","2024-03-13 17:01:57"
"69af4c50-db2a-4d2b-8f38-ac970dee3f66","f38ed89c-4fbd-44b5-bbc9-4e2de98d03bc","16ec16ee-c7cf-4f5b-aaff-6097c9512b90","2024-03-13 17:01:54"
"72db7a0d-2b48-42d8-8950-6ce3e66f8fbb","d36cff9f-0dc9-447e-8a2f-e72b7f82214c","0b38e17d-b95b-42b8-b9d4-25b89de6406e","2024-03-13 17:01:50"
"1f093df8-b3f8-4dcc-bf1d-0b322723f614","b9db5eae-d36b-4958-99d5-7ae97e83a40c","0b38e17d-b95b-42b8-b9d4-25b89de6406e","2024-03-13 17:01:44"
"0697d0ff-37d6-448b-a9ef-c92d53220016","567d70bf-225d-4ebc-8e1e-05fd71777bcd","0aa62ad1-478e-467e-a95f-c791dc4a5c86","2024-03-13 17:01:38"
"e508416a-b383-491a-9945-3eb94c8c2585","7f0e198f-98d9-4f4c-b395-400253cb5b52","0aa62ad1-478e-467e-a95f-c791dc4a5c86","2024-03-13 17:01:35"
"601119ba-9fb6-4934-8002-0fda585c2872","d6a0398a-136f-4291-9399-cfa4b71cc549","086f30a8-3818-477a-a2c1-3c227fc7b81e","2024-03-13 17:01:31"
"6866e8f2-afc9-4bd9-bf42-baaa5d3310bb","0be6fde8-f644-4555-939e-8ccd15d819ea","086f30a8-3818-477a-a2c1-3c227fc7b81e","2024-03-13 17:01:28"
"2dc14ceb-586f-46ad-83d0-77aeea15f03a","4c6d55a1-aa28-42b2-9b3c-4378f1a27f99","080ed892-b713-4d4f-99f8-ef02d793cbfc","2024-03-13 17:01:23"
"dacecbeb-8179-40bb-9832-c2977c7ef642","7eaf748e-6f37-4f2a-9d73-4487384318fa","080ed892-b713-4d4f-99f8-ef02d793cbfc","2024-03-13 17:01:21"
"e85b6253-f521-4772-bc27-43144eb76b19","b0bd1c08-579f-4583-86d0-d2d11e8d02af","0247ac92-f144-4af0-8b6b-72a8e61887e4","2024-03-13 14:19:54"
"3a04cd50-bc33-45d5-a869-ce39bab65e4a","a91b247c-5ad5-4c38-95de-e235653490e5","0247ac92-f144-4af0-8b6b-72a8e61887e4","2024-03-13 14:19:53"
"918acaee-0c2e-49a3-b383-b5e9484c9347","324fde62-e25c-4094-85a7-6217224a3bce","01520d57-d688-4741-b5e7-2be130686154","2024-03-13 14:19:51"
"85772bc8-7ec2-414a-bdef-67307830b4e3","a77e3fe5-88fb-4cee-885e-bed0535c0ea8","01520d57-d688-4741-b5e7-2be130686154","2024-03-13 14:19:46"
